{
    "difference": [
      797603048,
      [
        "plain",
        1316371464,
        {
          "stove": 1018554726.736496,
          "having": "paragraph",
          "goose": true,
          "deal": [
            [
              "tomorrow",
              [
                false,
                [
                  {
                    "alike": -511322450,
                    "pay": false,
                    "bend": "ear",
                    "stopped": [
                      442381846,
                      1567005335,
                      -797687375.4555402,
                      "mighty",
                      "elephant",
                      992955554,
                      "occur",
                      1374600547,
                      -172069686,
                      false
                    ],
                    "hold": false,
                    "vote": 1393713967.4043956,
                    "finish": false,
                    "fellow": 884145867,
                    "force": -1750017129,
                    "damage": "hello"
                  },
                  "manufacturing",
                  "variety",
                  false,
                  667629887.7293854,
                  199064761.3546455,
                  447314515.39302206,
                  "right",
                  false,
                  true
                ],
                false,
                false,
                "roar",
                false,
                2087768784.368621,
                "magic",
                "fairly",
                "road"
              ],
              true,
              "village",
              1270014943.0318205,
              false,
              125170931.05663157,
              -1857454219,
              "hide",
              2050314560
            ],
            "putting",
            "fifth",
            false,
            false,
            "bottle",
            "figure",
            false,
            1585320826,
            false
          ],
          "foreign": 535917154,
          "mistake": -1357112564,
          "broke": "headed",
          "water": "soft",
          "divide": true,
          "above": 982108240
        },
        true,
        2056619634,
        false,
        "truth",
        true,
        false,
        false
      ],
      -1096390486.1716456,
      "curve",
      false,
      false,
      "dropped",
      "missing",
      "likely",
      934290582.0022922
    ],
    "gun": -1587464561,
    "shorter": false,
    "dried": "every",
    "able": "bus",
    "these": false,
    "feature": "equipment",
    "lack": "turn",
    "familiar": true,
    "lungs": "desert"
  }